country,year,url
Turkey,2021,https://www.imf.org/en/publications/cr/issues/2021/06/11/turkey-2021-article-iv-consultation-press-release-staff-report-and-statement-by-the-50205
Turkey,2016,https://www.imf.org/en/publications/cr/issues/2016/12/31/turkey-2016-article-iv-consultation-press-release-staff-report-and-statement-by-the-43872
Argentina,2017,https://www.imf.org/en/publications/cr/issues/2017/12/29/argentina-2017-article-iv-consultation-press-release-staff-report-and-statement-by-the-45530
Argentina,2016,https://www.imf.org/en/publications/cr/issues/2016/12/31/argentina-2016-article-iv-consultation-press-release-staff-report-and-statement-by-the-44386
Argentina,2022,https://www.imf.org/en/publications/cr/issues/2022/03/25/argentina-staff-report-for-2022-article-iv-consultation-and-request-for-an-extended-515742
Sri Lanka,2021,https://www.imf.org/en/publications/cr/issues/2022/03/25/sri-lanka-2021-article-iv-consultation-press-release-staff-report-and-statement-by-the-515737
Sri Lanka,2024,https://www.imf.org/en/publications/cr/issues/2024/06/13/sri-lanka-2024-article-iv-consultation-and-second-review-under-the-extended-fund-facility-550261
Lebanon,2023,https://www.imf.org/en/publications/cr/issues/2023/06/28/lebanon-2023-article-iv-consultation-press-release-staff-report-and-statement-by-the-535372
Lebanon,2016,https://www.imf.org/en/publications/cr/issues/2017/01/24/lebanon-2016-article-iv-consultation-press-release-staff-report-and-statement-by-the-44572
Lebanon,2019,https://www.imf.org/en/publications/cr/issues/2019/10/17/lebanon-2019-article-iv-consultation-press-release-staff-report-informational-annex-and-48733
Zambia,2017,https://www.imf.org/en/publications/cr/issues/2017/10/25/zambia-2017-article-iv-consultation-press-release-staff-report-and-statement-by-the-45358
Zambia,2019,https://www.imf.org/en/publications/cr/issues/2019/08/02/zambia-2019-article-iv-consultation-press-release-staff-report-and-statement-by-the-48558
Zambia,2023,https://www.imf.org/en/publications/cr/issues/2023/07/13/zambia-2023-article-iv-consultation-first-review-under-the-extended-credit-facility-536340
Pakistan,2024,https://www.imf.org/en/publications/cr/issues/2024/10/10/pakistan-2024-article-iv-consultation-and-request-for-an-extended-arrangement-under-the-556152
Pakistan,2017,https://www.imf.org/en/publications/cr/issues/2017/07/13/pakistan-2017-article-iv-consultation-press-release-staff-report-informational-annex-and-45078
Ghana,2021,https://www.imf.org/en/publications/cr/issues/2021/07/23/ghana-2021-article-iv-consultation-press-release-staff-report-and-statement-by-the-462570
Ghana,2019,https://www.imf.org/en/publications/cr/issues/2019/12/18/ghana-2019-article-iv-consultation-press-release-staff-report-and-statement-by-the-executive-48883
Ghana,2023,https://www.imf.org/en/publications/cr/issues/2024/01/25/ghana-2023-article-iv-consultation-first-review-under-the-extended-credit-facility-544137
Ecuador,2016,https://www.imf.org/en/publications/cr/issues/2019/03/21/ecuador-2016-article-iv-consultation-press-release-and-staff-report-46689
Switzerland,2024,https://www.imf.org/en/publications/cr/issues/2024/06/21/switzerland-2024-article-iv-consultation-press-release-staff-report-informational-annex-and-550651
Switzerland,2023,https://www.imf.org/en/publications/cr/issues/2023/06/06/switzerland-2023-article-iv-consultation-press-release-staff-report-and-statement-by-the-534281
Korea,2024,https://www.imf.org/en/publications/cr/issues/2025/02/07/republic-of-korea-2024-article-iv-consultation-press-release-staff-report-and-statement-by-561780
Korea,2023,https://www.imf.org/en/publications/cr/issues/2023/11/16/republic-of-korea-2023-article-iv-consultation-press-release-staff-report-and-statement-by-541502
Korea,2021,https://www.imf.org/en/publications/cr/issues/2021/03/24/republic-of-korea-2021-article-iv-consultation-press-release-staff-report-staff-statement-50306
Korea,2022,https://www.imf.org/en/publications/cr/issues/2022/03/24/republic-of-korea-2022-article-iv-consultation-press-release-staff-report-staff-statement-515711
Korea,2017,https://www.imf.org/en/publications/cr/issues/2018/02/13/republic-of-korea-2017-article-iv-consultation-press-release-staff-report-and-statement-by-45625
Korea,2016,https://www.imf.org/en/publications/cr/issues/2016/12/31/republic-of-korea-2016-article-iv-consultation-press-release-staff-report-and-statement-by-44201
Poland,2024,https://www.imf.org/en/publications/cr/issues/2025/01/17/republic-of-poland-2024-article-iv-consultation-press-release-staff-report-and-statement-by-560997
Poland,2021,https://www.imf.org/en/publications/cr/issues/2022/02/22/republic-of-poland-2021-article-iv-consultation-press-release-staff-report-and-statement-by-513449
Poland,2018,https://www.imf.org/en/publications/cr/issues/2019/02/05/republic-of-poland-2018-article-iv-consultation-press-release-staff-report-and-statement-by-46576
Poland,2020,https://www.imf.org/en/publications/cr/issues/2021/02/05/republic-of-poland-2020-article-iv-consultation-press-release-staff-report-and-statement-by-50066
Malaysia,2023,https://www.imf.org/en/publications/cr/issues/2023/05/31/malaysia-2023-article-iv-consultation-press-release-and-staff-report-533968
Malaysia,2024,https://www.imf.org/en/publications/cr/issues/2024/03/08/malaysia-2024-article-iv-consultation-press-release-staff-report-and-statement-by-the-546087
Malaysia,2022,https://www.imf.org/en/publications/cr/issues/2022/04/28/malaysia-2022-article-iv-consultation-press-release-staff-report-and-statement-by-the-517398
Malaysia,2021,https://www.imf.org/en/publications/cr/issues/2021/03/17/malaysia-2021-article-iv-consultation-press-release-staff-report-and-statement-by-the-50272
Turkey,2017,https://www.imf.org/en/publications/cr/issues/2017/02/03/turkey-2017-article-iv-consultation-press-release-staff-report-and-statement-by-the-44614
Lebanon,2015,https://www.imf.org/en/publications/cr/issues/2016/12/31/lebanon-staff-report-for-the-2015-article-iv-consultation-43092
Lebanon,2018,https://www.imf.org/en/news/articles/2018/06/21/pr18250-imf-executive-board-concludes-article-iv-consultation-with-lebanon
Ecuador,2015,https://www.imf.org/en/publications/cr/issues/2016/12/31/ecuador-2015-article-iv-consultation-press-release-staff-report-and-statement-by-the-43351
Ecuador,2019,https://www.imf.org/en/publications/cr/issues/2019/03/20/ecuador-staff-report-for-the-2019-article-iv-consultation-and-request-for-an-extended-46682
Ecuador,2021,https://www.imf.org/en/publications/cr/issues/2021/10/07/ecuador-2021-article-iv-consultation-second-and-third-reviews-under-the-extended-482093
Ecuador,2024,https://www.imf.org/en/publications/cr/issues/2024/12/19/ecuador-2024-article-iv-consultation-and-first-review-under-the-extended-arrangement-under-559780
Egypt,2014,https://www.imf.org/en/publications/cr/issues/2016/12/31/arab-republic-of-egypt-staff-report-for-the-2014-article-iv-consultation-42692
Egypt,2017,https://www.imf.org/en/publications/cr/issues/2018/01/22/arab-republic-of-egypt-2017-article-iv-consultation-second-review-under-the-extended-45568
Egypt,2021,https://www.imf.org/en/publications/cr/issues/2021/07/22/arab-republic-of-egypt-2021-article-iv-consultation-second-review-under-the-stand-by-462545
Egypt,2025,https://www.imf.org/en/publications/cr/issues/2025/07/15/arab-republic-of-egypt-2025-article-iv-consultation-fourth-review-under-the-extended-568598
Canada,2016,https://www.imf.org/en/publications/cr/issues/2016/12/31/canada-2016-article-iv-consultation-press-release-and-staff-report-43948
Canada,2017,https://www.imf.org/en/publications/cr/issues/2017/07/13/canada-2017-article-iv-consultation-press-release-and-staff-report-45074
Canada,2018,https://www.imf.org/en/publications/cr/issues/2018/07/16/canada-2018-article-iv-consultation-press-release-staff-report-and-statement-by-the-46084
Canada,2019,https://www.imf.org/en/publications/cr/issues/2019/06/24/canada-2019-article-iv-consultation-press-release-and-staff-report-47021
Canada,2021,https://www.imf.org/en/publications/cr/issues/2021/03/17/canada-2021-article-iv-consultation-press-release-and-staff-report-50273
Canada,2022,https://www.imf.org/en/publications/cr/issues/2022/12/08/canada-2022-article-iv-consultation-press-release-and-staff-report-526761
Canada,2023,https://www.imf.org/en/publications/cr/issues/2023/07/27/canada-2023-article-iv-consultation-press-release-and-staff-report-537072
Canada,2024,https://www.imf.org/en/publications/cr/issues/2024/07/16/canada-2024-article-iv-consultation-press-release-and-staff-report-551903
Canada,2025,https://www.imf.org/en/publications/cr/issues/2026/01/21/canada-2025-article-iv-consultation-press-release-and-staff-report-573340
