country,year,banking,currency,inflation,sovereign_debt,any_crisis,source
Argentina,2010,0,0,0,0,0,Reinhart-Rogoff 2016 (HBS Global Crises Data)
Argentina,2011,0,0,0,0,0,Reinhart-Rogoff 2016 (HBS Global Crises Data)
Argentina,2012,0,0,0,0,0,Reinhart-Rogoff 2016 (HBS Global Crises Data)
Argentina,2013,0,0,0,0,0,Reinhart-Rogoff 2016 (HBS Global Crises Data)
Argentina,2014,0,1,0,1,1,Reinhart-Rogoff 2016 (HBS Global Crises Data)
Argentina,2015,0,0,0,1,1,Reinhart-Rogoff 2016 (HBS Global Crises Data)
Argentina,2016,0,1,0,1,1,Reinhart-Rogoff 2016 (HBS Global Crises Data)
Argentina,2017,0,0,0,0,0,Manual: post-2016 (IMF press releases + news)
Argentina,2018,0,1,0,0,1,Manual: post-2016 (IMF press releases + news)
Argentina,2019,0,1,1,0,1,Manual: post-2016 (IMF press releases + news)
Argentina,2020,0,1,1,1,1,Manual: post-2016 (IMF press releases + news)
Argentina,2021,0,0,0,0,0,Manual: post-2016 (IMF press releases + news)
Argentina,2022,0,1,1,0,1,Manual: post-2016 (IMF press releases + news)
Argentina,2023,0,1,1,0,1,Manual: post-2016 (IMF press releases + news)
Argentina,2024,0,0,0,0,0,Manual: post-2016 (IMF press releases + news)
Canada,2010,0,0,0,0,0,Reinhart-Rogoff 2016 (HBS Global Crises Data)
Canada,2011,0,0,0,0,0,Reinhart-Rogoff 2016 (HBS Global Crises Data)
Canada,2012,0,0,0,0,0,Reinhart-Rogoff 2016 (HBS Global Crises Data)
Canada,2013,0,0,0,0,0,Reinhart-Rogoff 2016 (HBS Global Crises Data)
Canada,2014,0,0,0,0,0,Reinhart-Rogoff 2016 (HBS Global Crises Data)
Canada,2015,0,0,0,0,0,Reinhart-Rogoff 2016 (HBS Global Crises Data)
Canada,2016,0,0,0,0,0,Reinhart-Rogoff 2016 (HBS Global Crises Data)
Canada,2017,0,0,0,0,0,Manual: post-2016 (IMF press releases + news)
Canada,2018,0,0,0,0,0,Manual: post-2016 (IMF press releases + news)
Canada,2019,0,0,0,0,0,Manual: post-2016 (IMF press releases + news)
Canada,2020,0,0,0,0,0,Manual: post-2016 (IMF press releases + news)
Canada,2021,0,0,0,0,0,Manual: post-2016 (IMF press releases + news)
Canada,2022,0,0,0,0,0,Manual: post-2016 (IMF press releases + news)
Canada,2023,0,0,0,0,0,Manual: post-2016 (IMF press releases + news)
Canada,2024,0,0,0,0,0,Manual: post-2016 (IMF press releases + news)
Ecuador,2010,0,0,0,0,0,Reinhart-Rogoff 2016 (HBS Global Crises Data)
Ecuador,2011,0,0,0,0,0,Reinhart-Rogoff 2016 (HBS Global Crises Data)
Ecuador,2012,0,0,0,0,0,Reinhart-Rogoff 2016 (HBS Global Crises Data)
Ecuador,2013,0,0,0,0,0,Reinhart-Rogoff 2016 (HBS Global Crises Data)
Ecuador,2014,0,0,0,0,0,Reinhart-Rogoff 2016 (HBS Global Crises Data)
Ecuador,2015,0,0,0,0,0,Reinhart-Rogoff 2016 (HBS Global Crises Data)
Ecuador,2016,0,0,0,0,0,Reinhart-Rogoff 2016 (HBS Global Crises Data)
Ecuador,2017,0,0,0,0,0,Manual: post-2016 (IMF press releases + news)
Ecuador,2018,0,0,0,0,0,Manual: post-2016 (IMF press releases + news)
Ecuador,2019,0,0,0,0,0,Manual: post-2016 (IMF press releases + news)
Ecuador,2020,0,0,0,1,1,Manual: post-2016 (IMF press releases + news)
Ecuador,2021,0,0,0,0,0,Manual: post-2016 (IMF press releases + news)
Ecuador,2022,0,0,0,0,0,Manual: post-2016 (IMF press releases + news)
Ecuador,2023,0,0,0,0,0,Manual: post-2016 (IMF press releases + news)
Ecuador,2024,0,0,0,0,0,Manual: post-2016 (IMF press releases + news)
Egypt,2010,0,0,0,0,0,Reinhart-Rogoff 2016 (HBS Global Crises Data)
Egypt,2011,0,0,0,0,0,Reinhart-Rogoff 2016 (HBS Global Crises Data)
Egypt,2012,0,0,0,0,0,Reinhart-Rogoff 2016 (HBS Global Crises Data)
Egypt,2013,0,0,0,0,0,Reinhart-Rogoff 2016 (HBS Global Crises Data)
Egypt,2014,0,0,0,0,0,Reinhart-Rogoff 2016 (HBS Global Crises Data)
Egypt,2015,0,0,0,0,0,Reinhart-Rogoff 2016 (HBS Global Crises Data)
Egypt,2016,0,1,0,0,1,Manual: post-2016 (IMF press releases + news)
Egypt,2017,0,0,0,0,0,Manual: post-2016 (IMF press releases + news)
Egypt,2018,0,0,0,0,0,Manual: post-2016 (IMF press releases + news)
Egypt,2019,0,0,0,0,0,Manual: post-2016 (IMF press releases + news)
Egypt,2020,0,0,0,0,0,Manual: post-2016 (IMF press releases + news)
Egypt,2021,0,0,0,0,0,Manual: post-2016 (IMF press releases + news)
Egypt,2022,0,1,1,0,1,Manual: post-2016 (IMF press releases + news)
Egypt,2023,0,1,1,0,1,Manual: post-2016 (IMF press releases + news)
Egypt,2024,0,0,0,0,0,Manual: post-2016 (IMF press releases + news)
Ghana,2010,0,0,0,0,0,Reinhart-Rogoff 2016 (HBS Global Crises Data)
Ghana,2011,0,0,0,0,0,Reinhart-Rogoff 2016 (HBS Global Crises Data)
Ghana,2012,0,1,0,0,1,Reinhart-Rogoff 2016 (HBS Global Crises Data)
Ghana,2013,0,1,0,0,1,Reinhart-Rogoff 2016 (HBS Global Crises Data)
Ghana,2014,0,1,0,0,1,Reinhart-Rogoff 2016 (HBS Global Crises Data)
Ghana,2015,0,1,0,0,1,Reinhart-Rogoff 2016 (HBS Global Crises Data)
Ghana,2016,0,0,0,0,0,Reinhart-Rogoff 2016 (HBS Global Crises Data)
Ghana,2017,0,0,0,0,0,Manual: post-2016 (IMF press releases + news)
Ghana,2018,0,0,0,0,0,Manual: post-2016 (IMF press releases + news)
Ghana,2019,0,0,0,0,0,Manual: post-2016 (IMF press releases + news)
Ghana,2020,0,0,0,0,0,Manual: post-2016 (IMF press releases + news)
Ghana,2021,0,0,0,0,0,Manual: post-2016 (IMF press releases + news)
Ghana,2022,0,1,1,1,1,Manual: post-2016 (IMF press releases + news)
Ghana,2023,0,0,1,1,1,Manual: post-2016 (IMF press releases + news)
Ghana,2024,0,0,0,0,0,Manual: post-2016 (IMF press releases + news)
Korea,2010,0,0,0,0,0,Reinhart-Rogoff 2016 (HBS Global Crises Data)
Korea,2011,0,0,0,0,0,Reinhart-Rogoff 2016 (HBS Global Crises Data)
Korea,2012,0,0,0,0,0,Reinhart-Rogoff 2016 (HBS Global Crises Data)
Korea,2013,0,0,0,0,0,Reinhart-Rogoff 2016 (HBS Global Crises Data)
Korea,2014,0,0,0,0,0,Reinhart-Rogoff 2016 (HBS Global Crises Data)
Korea,2015,0,0,0,0,0,Reinhart-Rogoff 2016 (HBS Global Crises Data)
Korea,2016,0,0,0,0,0,Reinhart-Rogoff 2016 (HBS Global Crises Data)
Korea,2017,0,0,0,0,0,Manual: post-2016 (IMF press releases + news)
Korea,2018,0,0,0,0,0,Manual: post-2016 (IMF press releases + news)
Korea,2019,0,0,0,0,0,Manual: post-2016 (IMF press releases + news)
Korea,2020,0,0,0,0,0,Manual: post-2016 (IMF press releases + news)
Korea,2021,0,0,0,0,0,Manual: post-2016 (IMF press releases + news)
Korea,2022,0,0,0,0,0,Manual: post-2016 (IMF press releases + news)
Korea,2023,0,0,0,0,0,Manual: post-2016 (IMF press releases + news)
Korea,2024,0,0,0,0,0,Manual: post-2016 (IMF press releases + news)
Lebanon,2010,0,0,0,0,0,No R-R coverage (Lebanon/Pakistan absent from R-R)
Lebanon,2011,0,0,0,0,0,No R-R coverage (Lebanon/Pakistan absent from R-R)
Lebanon,2012,0,0,0,0,0,No R-R coverage (Lebanon/Pakistan absent from R-R)
Lebanon,2013,0,0,0,0,0,No R-R coverage (Lebanon/Pakistan absent from R-R)
Lebanon,2014,0,0,0,0,0,No R-R coverage (Lebanon/Pakistan absent from R-R)
Lebanon,2015,0,0,0,0,0,No R-R coverage (Lebanon/Pakistan absent from R-R)
Lebanon,2016,0,0,0,0,0,No R-R coverage (Lebanon/Pakistan absent from R-R)
Lebanon,2017,0,0,0,0,0,Manual: post-2016 (IMF press releases + news)
Lebanon,2018,0,0,0,0,0,Manual: post-2016 (IMF press releases + news)
Lebanon,2019,1,1,0,0,1,Manual: post-2016 (IMF press releases + news)
Lebanon,2020,1,1,1,1,1,Manual: post-2016 (IMF press releases + news)
Lebanon,2021,1,1,1,1,1,Manual: post-2016 (IMF press releases + news)
Lebanon,2022,1,1,1,1,1,Manual: post-2016 (IMF press releases + news)
Lebanon,2023,1,1,1,1,1,Manual: post-2016 (IMF press releases + news)
Lebanon,2024,1,0,1,1,1,Manual: post-2016 (IMF press releases + news)
Malaysia,2010,0,0,0,0,0,Reinhart-Rogoff 2016 (HBS Global Crises Data)
Malaysia,2011,0,0,0,0,0,Reinhart-Rogoff 2016 (HBS Global Crises Data)
Malaysia,2012,0,0,0,0,0,Reinhart-Rogoff 2016 (HBS Global Crises Data)
Malaysia,2013,0,0,0,0,0,Reinhart-Rogoff 2016 (HBS Global Crises Data)
Malaysia,2014,0,0,0,0,0,Reinhart-Rogoff 2016 (HBS Global Crises Data)
Malaysia,2015,0,0,0,0,0,Reinhart-Rogoff 2016 (HBS Global Crises Data)
Malaysia,2016,0,0,0,0,0,Reinhart-Rogoff 2016 (HBS Global Crises Data)
Malaysia,2017,0,0,0,0,0,Manual: post-2016 (IMF press releases + news)
Malaysia,2018,0,0,0,0,0,Manual: post-2016 (IMF press releases + news)
Malaysia,2019,0,0,0,0,0,Manual: post-2016 (IMF press releases + news)
Malaysia,2020,0,0,0,0,0,Manual: post-2016 (IMF press releases + news)
Malaysia,2021,0,0,0,0,0,Manual: post-2016 (IMF press releases + news)
Malaysia,2022,0,0,0,0,0,Manual: post-2016 (IMF press releases + news)
Malaysia,2023,0,0,0,0,0,Manual: post-2016 (IMF press releases + news)
Malaysia,2024,0,0,0,0,0,Manual: post-2016 (IMF press releases + news)
Pakistan,2010,0,0,0,0,0,No R-R coverage (Lebanon/Pakistan absent from R-R)
Pakistan,2011,0,0,0,0,0,No R-R coverage (Lebanon/Pakistan absent from R-R)
Pakistan,2012,0,0,0,0,0,No R-R coverage (Lebanon/Pakistan absent from R-R)
Pakistan,2013,0,0,0,0,0,No R-R coverage (Lebanon/Pakistan absent from R-R)
Pakistan,2014,0,0,0,0,0,No R-R coverage (Lebanon/Pakistan absent from R-R)
Pakistan,2015,0,0,0,0,0,No R-R coverage (Lebanon/Pakistan absent from R-R)
Pakistan,2016,0,0,0,0,0,No R-R coverage (Lebanon/Pakistan absent from R-R)
Pakistan,2017,0,0,0,0,0,Manual: post-2016 (IMF press releases + news)
Pakistan,2018,0,1,0,0,1,Manual: post-2016 (IMF press releases + news)
Pakistan,2019,0,0,0,0,0,Manual: post-2016 (IMF press releases + news)
Pakistan,2020,0,0,0,0,0,Manual: post-2016 (IMF press releases + news)
Pakistan,2021,0,0,0,0,0,Manual: post-2016 (IMF press releases + news)
Pakistan,2022,0,1,1,0,1,Manual: post-2016 (IMF press releases + news)
Pakistan,2023,0,1,1,0,1,Manual: post-2016 (IMF press releases + news)
Pakistan,2024,0,0,0,0,0,Manual: post-2016 (IMF press releases + news)
Poland,2010,0,0,0,0,0,Reinhart-Rogoff 2016 (HBS Global Crises Data)
Poland,2011,0,1,0,0,1,Reinhart-Rogoff 2016 (HBS Global Crises Data)
Poland,2012,0,0,0,0,0,Reinhart-Rogoff 2016 (HBS Global Crises Data)
Poland,2013,0,0,0,0,0,Reinhart-Rogoff 2016 (HBS Global Crises Data)
Poland,2014,0,1,0,0,1,Reinhart-Rogoff 2016 (HBS Global Crises Data)
Poland,2015,0,1,0,0,1,Reinhart-Rogoff 2016 (HBS Global Crises Data)
Poland,2016,0,1,0,0,1,Reinhart-Rogoff 2016 (HBS Global Crises Data)
Poland,2017,0,0,0,0,0,Manual: post-2016 (IMF press releases + news)
Poland,2018,0,0,0,0,0,Manual: post-2016 (IMF press releases + news)
Poland,2019,0,0,0,0,0,Manual: post-2016 (IMF press releases + news)
Poland,2020,0,0,0,0,0,Manual: post-2016 (IMF press releases + news)
Poland,2021,0,0,0,0,0,Manual: post-2016 (IMF press releases + news)
Poland,2022,0,0,0,0,0,Manual: post-2016 (IMF press releases + news)
Poland,2023,0,0,0,0,0,Manual: post-2016 (IMF press releases + news)
Poland,2024,0,0,0,0,0,Manual: post-2016 (IMF press releases + news)
Sri Lanka,2010,0,0,0,0,0,Reinhart-Rogoff 2016 (HBS Global Crises Data)
Sri Lanka,2011,0,0,0,0,0,Reinhart-Rogoff 2016 (HBS Global Crises Data)
Sri Lanka,2012,0,0,0,0,0,Reinhart-Rogoff 2016 (HBS Global Crises Data)
Sri Lanka,2013,0,0,0,0,0,Reinhart-Rogoff 2016 (HBS Global Crises Data)
Sri Lanka,2014,0,0,0,0,0,Reinhart-Rogoff 2016 (HBS Global Crises Data)
Sri Lanka,2015,0,0,0,0,0,Reinhart-Rogoff 2016 (HBS Global Crises Data)
Sri Lanka,2016,0,0,0,0,0,Reinhart-Rogoff 2016 (HBS Global Crises Data)
Sri Lanka,2017,0,0,0,0,0,Manual: post-2016 (IMF press releases + news)
Sri Lanka,2018,0,0,0,0,0,Manual: post-2016 (IMF press releases + news)
Sri Lanka,2019,0,0,0,0,0,Manual: post-2016 (IMF press releases + news)
Sri Lanka,2020,0,0,0,0,0,Manual: post-2016 (IMF press releases + news)
Sri Lanka,2021,0,0,0,0,0,Manual: post-2016 (IMF press releases + news)
Sri Lanka,2022,0,1,1,1,1,Manual: post-2016 (IMF press releases + news)
Sri Lanka,2023,0,1,1,1,1,Manual: post-2016 (IMF press releases + news)
Sri Lanka,2024,0,0,0,0,0,Manual: post-2016 (IMF press releases + news)
Switzerland,2010,0,0,0,0,0,Reinhart-Rogoff 2016 (HBS Global Crises Data)
Switzerland,2011,0,0,0,0,0,Reinhart-Rogoff 2016 (HBS Global Crises Data)
Switzerland,2012,0,0,0,0,0,Reinhart-Rogoff 2016 (HBS Global Crises Data)
Switzerland,2013,0,0,0,0,0,Reinhart-Rogoff 2016 (HBS Global Crises Data)
Switzerland,2014,0,0,0,0,0,Reinhart-Rogoff 2016 (HBS Global Crises Data)
Switzerland,2015,0,0,0,0,0,Reinhart-Rogoff 2016 (HBS Global Crises Data)
Switzerland,2016,0,0,0,0,0,Reinhart-Rogoff 2016 (HBS Global Crises Data)
Switzerland,2017,0,0,0,0,0,Manual: post-2016 (IMF press releases + news)
Switzerland,2018,0,0,0,0,0,Manual: post-2016 (IMF press releases + news)
Switzerland,2019,0,0,0,0,0,Manual: post-2016 (IMF press releases + news)
Switzerland,2020,0,0,0,0,0,Manual: post-2016 (IMF press releases + news)
Switzerland,2021,0,0,0,0,0,Manual: post-2016 (IMF press releases + news)
Switzerland,2022,0,0,0,0,0,Manual: post-2016 (IMF press releases + news)
Switzerland,2023,0,0,0,0,0,Manual: post-2016 (IMF press releases + news)
Switzerland,2024,0,0,0,0,0,Manual: post-2016 (IMF press releases + news)
Turkey,2010,0,0,0,0,0,Reinhart-Rogoff 2016 (HBS Global Crises Data)
Turkey,2011,0,0,0,0,0,Reinhart-Rogoff 2016 (HBS Global Crises Data)
Turkey,2012,0,0,0,0,0,Reinhart-Rogoff 2016 (HBS Global Crises Data)
Turkey,2013,0,0,0,0,0,Reinhart-Rogoff 2016 (HBS Global Crises Data)
Turkey,2014,0,1,0,0,1,Reinhart-Rogoff 2016 (HBS Global Crises Data)
Turkey,2015,0,0,0,0,0,Reinhart-Rogoff 2016 (HBS Global Crises Data)
Turkey,2016,0,0,0,0,0,Reinhart-Rogoff 2016 (HBS Global Crises Data)
Turkey,2017,0,0,0,0,0,Manual: post-2016 (IMF press releases + news)
Turkey,2018,0,1,0,0,1,Manual: post-2016 (IMF press releases + news)
Turkey,2019,0,0,0,0,0,Manual: post-2016 (IMF press releases + news)
Turkey,2020,0,0,0,0,0,Manual: post-2016 (IMF press releases + news)
Turkey,2021,0,1,1,0,1,Manual: post-2016 (IMF press releases + news)
Turkey,2022,0,1,1,0,1,Manual: post-2016 (IMF press releases + news)
Turkey,2023,0,1,1,0,1,Manual: post-2016 (IMF press releases + news)
Turkey,2024,0,0,0,0,0,Manual: post-2016 (IMF press releases + news)
Zambia,2010,0,0,0,0,0,Reinhart-Rogoff 2016 (HBS Global Crises Data)
Zambia,2011,0,0,0,0,0,Reinhart-Rogoff 2016 (HBS Global Crises Data)
Zambia,2012,0,0,0,0,0,Reinhart-Rogoff 2016 (HBS Global Crises Data)
Zambia,2013,0,1,0,0,1,Reinhart-Rogoff 2016 (HBS Global Crises Data)
Zambia,2014,0,0,0,0,0,Reinhart-Rogoff 2016 (HBS Global Crises Data)
Zambia,2015,0,0,0,0,0,Reinhart-Rogoff 2016 (HBS Global Crises Data)
Zambia,2016,0,0,1,0,1,Reinhart-Rogoff 2016 (HBS Global Crises Data)
Zambia,2017,0,0,0,0,0,Manual: post-2016 (IMF press releases + news)
Zambia,2018,0,0,0,0,0,Manual: post-2016 (IMF press releases + news)
Zambia,2019,0,0,0,0,0,Manual: post-2016 (IMF press releases + news)
Zambia,2020,0,1,0,1,1,Manual: post-2016 (IMF press releases + news)
Zambia,2021,0,0,0,1,1,Manual: post-2016 (IMF press releases + news)
Zambia,2022,0,0,0,1,1,Manual: post-2016 (IMF press releases + news)
Zambia,2023,0,0,0,0,0,Manual: post-2016 (IMF press releases + news)
Zambia,2024,0,0,0,0,0,Manual: post-2016 (IMF press releases + news)
